id,created_at,updated_at,politician_id,industry_id,priority
1,12/2/22 13:15,12/2/22 13:15,1,1,FALSE
2,12/2/22 13:15,12/2/22 13:15,2,1,TRUE
3,12/2/22 13:15,12/2/22 13:15,3,1,TRUE
4,12/2/22 13:15,12/2/22 13:15,4,1,FALSE
5,12/2/22 13:15,12/2/22 13:15,5,1,FALSE
6,12/2/22 13:15,12/2/22 13:15,6,1,TRUE
7,12/2/22 13:15,12/2/22 13:15,7,1,FALSE
8,12/2/22 13:15,12/2/22 13:15,8,1,TRUE
9,12/2/22 13:15,12/2/22 13:15,9,1,TRUE
10,12/2/22 13:15,12/2/22 13:15,10,1,TRUE
11,12/2/22 13:15,12/2/22 13:15,11,1,FALSE
12,12/2/22 13:15,12/2/22 13:15,12,1,TRUE
13,12/2/22 13:15,12/2/22 13:15,13,1,TRUE
14,12/2/22 13:15,12/2/22 13:15,14,1,TRUE
15,12/2/22 13:15,12/2/22 13:15,15,1,TRUE
16,12/2/22 13:15,12/2/22 13:15,16,1,FALSE
17,12/2/22 13:15,12/2/22 13:15,17,1,FALSE
18,12/2/22 13:15,12/2/22 13:15,18,1,FALSE
19,12/2/22 13:15,12/2/22 13:15,19,1,FALSE
20,12/2/22 13:15,12/2/22 13:15,20,1,FALSE
21,12/2/22 13:15,12/2/22 13:15,21,1,TRUE
22,12/2/22 13:15,12/2/22 13:15,22,1,FALSE
23,12/2/22 13:15,12/2/22 13:15,23,1,FALSE
24,12/2/22 13:15,12/2/22 13:15,24,1,TRUE
25,12/2/22 13:15,12/2/22 13:15,25,1,FALSE
26,12/2/22 13:15,12/2/22 13:15,26,1,TRUE
27,12/2/22 13:15,12/2/22 13:15,27,1,TRUE
28,12/2/22 13:15,12/2/22 13:15,28,1,FALSE
29,12/2/22 13:15,12/2/22 13:15,29,1,TRUE
30,12/2/22 13:15,12/2/22 13:15,30,1,FALSE
31,12/2/22 13:15,12/2/22 13:15,31,1,FALSE
32,12/2/22 13:15,12/2/22 13:15,32,1,FALSE
33,12/2/22 13:15,12/2/22 13:15,33,1,FALSE
34,12/2/22 13:15,12/2/22 13:15,34,1,FALSE
35,12/2/22 13:15,12/2/22 13:15,35,1,TRUE
36,12/2/22 13:15,12/2/22 13:15,36,1,TRUE
37,12/2/22 13:15,12/2/22 13:15,37,1,TRUE
38,12/2/22 13:15,12/2/22 13:15,38,1,FALSE
39,12/2/22 13:15,12/2/22 13:15,39,1,FALSE
40,12/2/22 13:15,12/2/22 13:15,40,1,TRUE
41,12/2/22 13:15,12/2/22 13:15,41,1,TRUE
42,12/2/22 13:15,12/2/22 13:15,42,1,TRUE
43,12/2/22 13:15,12/2/22 13:15,43,1,TRUE
44,12/2/22 13:15,12/2/22 13:15,44,1,FALSE
45,12/2/22 13:15,12/2/22 13:15,45,1,FALSE
46,12/2/22 13:15,12/2/22 13:15,46,1,FALSE
47,12/2/22 13:15,12/2/22 13:15,47,1,FALSE
48,12/2/22 13:15,12/2/22 13:15,48,1,FALSE
49,12/2/22 13:15,12/2/22 13:15,49,1,TRUE
50,12/2/22 13:15,12/2/22 13:15,50,1,FALSE
51,12/2/22 13:15,12/2/22 13:15,51,1,FALSE
52,12/2/22 13:15,12/2/22 13:15,52,1,FALSE
53,12/2/22 13:15,12/2/22 13:15,53,1,TRUE
54,12/2/22 13:15,12/2/22 13:15,54,1,FALSE
55,12/2/22 13:15,12/2/22 13:15,55,1,TRUE
56,12/2/22 13:15,12/2/22 13:15,56,1,FALSE
57,12/2/22 13:15,12/2/22 13:15,57,1,TRUE
58,12/2/22 13:15,12/2/22 13:15,58,1,FALSE
59,12/2/22 13:15,12/2/22 13:15,59,1,FALSE
60,12/2/22 13:15,12/2/22 13:15,60,1,FALSE
61,12/2/22 13:15,12/2/22 13:15,61,1,TRUE
62,12/2/22 13:15,12/2/22 13:15,62,1,TRUE
63,12/2/22 13:15,12/2/22 13:15,63,1,FALSE
64,12/2/22 13:15,12/2/22 13:15,64,1,TRUE
65,12/2/22 13:15,12/2/22 13:15,65,1,TRUE
66,12/2/22 13:15,12/2/22 13:15,66,1,TRUE
67,12/2/22 13:15,12/2/22 13:15,67,1,TRUE
68,12/2/22 13:15,12/2/22 13:15,68,1,FALSE
69,12/2/22 13:15,12/2/22 13:15,69,1,TRUE
70,12/2/22 13:15,12/2/22 13:15,70,1,FALSE
71,12/2/22 13:15,12/2/22 13:15,71,1,TRUE
72,12/2/22 13:15,12/2/22 13:15,72,1,TRUE
73,12/2/22 13:15,12/2/22 13:15,73,1,FALSE
74,12/2/22 13:15,12/2/22 13:15,74,1,TRUE
75,12/2/22 13:15,12/2/22 13:15,75,1,TRUE
76,12/2/22 13:15,12/2/22 13:15,76,1,TRUE
77,12/2/22 13:15,12/2/22 13:15,77,1,FALSE
78,12/2/22 13:15,12/2/22 13:15,78,1,FALSE
79,12/2/22 13:15,12/2/22 13:15,79,1,TRUE
80,12/2/22 13:15,12/2/22 13:15,80,1,TRUE
81,12/2/22 13:15,12/2/22 13:15,81,1,TRUE
82,12/2/22 13:15,12/2/22 13:15,82,1,TRUE
83,12/2/22 13:15,12/2/22 13:15,83,1,FALSE
84,12/2/22 13:15,12/2/22 13:15,84,1,TRUE
85,12/2/22 13:15,12/2/22 13:15,85,1,TRUE
86,12/2/22 13:15,12/2/22 13:15,86,1,FALSE
87,12/2/22 13:15,12/2/22 13:15,87,1,TRUE
88,12/2/22 13:15,12/2/22 13:15,88,1,FALSE
89,12/2/22 13:15,12/2/22 13:15,89,1,FALSE
90,12/2/22 13:15,12/2/22 13:15,90,1,FALSE
91,12/2/22 13:15,12/2/22 13:15,91,1,FALSE
92,12/2/22 13:15,12/2/22 13:15,92,1,FALSE
93,12/2/22 13:15,12/2/22 13:15,93,1,TRUE
94,12/2/22 13:15,12/2/22 13:15,94,1,FALSE
95,12/2/22 13:15,12/2/22 13:15,95,1,TRUE
96,12/2/22 13:15,12/2/22 13:15,96,1,FALSE
97,12/2/22 13:15,12/2/22 13:15,97,1,FALSE
98,12/2/22 13:15,12/2/22 13:15,98,1,FALSE
99,12/2/22 13:15,12/2/22 13:15,99,1,TRUE
100,12/2/22 13:15,12/2/22 13:15,100,1,TRUE
101,12/2/22 13:15,12/2/22 13:15,101,1,TRUE
102,12/2/22 13:15,12/2/22 13:15,102,1,FALSE
103,12/2/22 13:15,12/2/22 13:15,103,1,TRUE
104,12/2/22 13:15,12/2/22 13:15,104,1,TRUE
105,12/2/22 13:15,12/2/22 13:15,105,1,TRUE
106,12/2/22 13:15,12/2/22 13:15,106,1,FALSE
107,12/2/22 13:15,12/2/22 13:15,107,1,TRUE
108,12/2/22 13:15,12/2/22 13:15,108,1,FALSE
109,12/2/22 13:15,12/2/22 13:15,109,1,TRUE
110,12/2/22 13:15,12/2/22 13:15,110,1,FALSE
111,12/2/22 13:15,12/2/22 13:15,111,1,TRUE
112,12/2/22 13:15,12/2/22 13:15,112,1,FALSE
113,12/2/22 13:15,12/2/22 13:15,113,1,TRUE
114,12/2/22 13:15,12/2/22 13:15,114,1,TRUE
115,12/2/22 13:15,12/2/22 13:15,115,1,FALSE
116,12/2/22 13:15,12/2/22 13:15,116,1,TRUE
117,12/2/22 13:15,12/2/22 13:15,117,1,FALSE
118,12/2/22 13:15,12/2/22 13:15,118,1,TRUE
119,12/2/22 13:15,12/2/22 13:15,119,1,FALSE
120,12/2/22 13:15,12/2/22 13:15,120,1,FALSE
121,12/2/22 13:15,12/2/22 13:15,121,1,FALSE
122,12/2/22 13:15,12/2/22 13:15,122,1,FALSE
123,12/2/22 13:15,12/2/22 13:15,123,1,FALSE
124,12/2/22 13:15,12/2/22 13:15,124,1,TRUE
125,12/2/22 13:15,12/2/22 13:15,125,1,TRUE
126,12/2/22 13:15,12/2/22 13:15,126,1,TRUE
127,12/2/22 13:15,12/2/22 13:15,127,1,TRUE
128,12/2/22 13:15,12/2/22 13:15,128,1,FALSE
129,12/2/22 13:15,12/2/22 13:15,129,1,TRUE
130,12/2/22 13:15,12/2/22 13:15,130,1,FALSE
131,12/2/22 13:15,12/2/22 13:15,131,1,TRUE
132,12/2/22 13:15,12/2/22 13:15,132,1,FALSE
133,12/2/22 13:15,12/2/22 13:15,133,1,TRUE
134,12/2/22 13:15,12/2/22 13:15,134,1,FALSE
135,12/2/22 13:15,12/2/22 13:15,135,1,FALSE
136,12/2/22 13:15,12/2/22 13:15,136,1,FALSE
137,12/2/22 13:15,12/2/22 13:15,137,1,TRUE
138,12/2/22 13:15,12/2/22 13:15,138,1,FALSE
139,12/2/22 13:15,12/2/22 13:15,139,1,FALSE
140,12/2/22 13:15,12/2/22 13:15,140,1,FALSE
141,12/2/22 13:15,12/2/22 13:15,141,1,FALSE
142,12/2/22 13:15,12/2/22 13:15,142,1,TRUE
143,12/2/22 13:15,12/2/22 13:15,143,1,FALSE
144,12/2/22 13:15,12/2/22 13:15,144,1,FALSE
145,12/2/22 13:15,12/2/22 13:15,145,1,FALSE
146,12/2/22 13:15,12/2/22 13:15,146,1,FALSE
147,12/2/22 13:15,12/2/22 13:15,147,1,TRUE
148,12/2/22 13:15,12/2/22 13:15,148,1,TRUE
149,12/2/22 13:15,12/2/22 13:15,149,1,TRUE
150,12/2/22 13:15,12/2/22 13:15,150,1,TRUE
151,12/2/22 13:15,12/2/22 13:15,151,1,FALSE
152,12/2/22 13:15,12/2/22 13:15,152,1,TRUE
153,12/2/22 13:15,12/2/22 13:15,153,1,FALSE
154,12/2/22 13:15,12/2/22 13:15,154,1,TRUE
155,12/2/22 13:15,12/2/22 13:15,155,1,FALSE
156,12/2/22 13:15,12/2/22 13:15,156,1,FALSE
157,12/2/22 13:15,12/2/22 13:15,157,1,TRUE
158,12/2/22 13:15,12/2/22 13:15,158,1,TRUE
159,12/2/22 13:15,12/2/22 13:15,159,1,TRUE
160,12/2/22 13:15,12/2/22 13:15,160,1,FALSE
161,12/2/22 13:15,12/2/22 13:15,161,1,TRUE
162,12/2/22 13:15,12/2/22 13:15,162,1,TRUE
163,12/2/22 13:15,12/2/22 13:15,163,1,FALSE
164,12/2/22 13:15,12/2/22 13:15,164,1,FALSE
165,12/2/22 13:15,12/2/22 13:15,165,1,TRUE
166,12/2/22 13:15,12/2/22 13:15,166,1,TRUE
167,12/2/22 13:15,12/2/22 13:15,167,1,FALSE
168,12/2/22 13:15,12/2/22 13:15,168,1,TRUE
169,12/2/22 13:15,12/2/22 13:15,169,1,FALSE
170,12/2/22 13:15,12/2/22 13:15,170,1,FALSE
171,12/2/22 13:15,12/2/22 13:15,171,1,FALSE
172,12/2/22 13:15,12/2/22 13:15,172,1,TRUE
173,12/2/22 13:15,12/2/22 13:15,173,1,FALSE
174,12/2/22 13:15,12/2/22 13:15,174,2,FALSE
175,12/2/22 13:15,12/2/22 13:15,175,2,FALSE
176,12/2/22 13:15,12/2/22 13:15,176,2,TRUE
177,12/2/22 13:15,12/2/22 13:15,177,2,TRUE
178,12/2/22 13:15,12/2/22 13:15,178,2,TRUE
179,12/2/22 13:15,12/2/22 13:15,179,2,TRUE
180,12/2/22 13:15,12/2/22 13:15,180,2,TRUE
181,12/2/22 13:15,12/2/22 13:15,181,2,TRUE
182,12/2/22 13:15,12/2/22 13:15,182,2,TRUE
183,12/2/22 13:15,12/2/22 13:15,183,2,TRUE
184,12/2/22 13:15,12/2/22 13:15,184,2,TRUE
185,12/2/22 13:15,12/2/22 13:15,185,2,TRUE
186,12/2/22 13:15,12/2/22 13:15,186,2,FALSE
187,12/2/22 13:15,12/2/22 13:15,187,2,TRUE
188,12/2/22 13:15,12/2/22 13:15,188,2,TRUE
189,12/2/22 13:15,12/2/22 13:15,189,2,TRUE
190,12/2/22 13:15,12/2/22 13:15,190,2,FALSE
191,12/2/22 13:15,12/2/22 13:15,191,2,TRUE
192,12/2/22 13:15,12/2/22 13:15,192,2,TRUE
193,12/2/22 13:15,12/2/22 13:15,193,2,TRUE
194,12/2/22 13:15,12/2/22 13:15,194,2,TRUE
195,12/2/22 13:15,12/2/22 13:15,195,2,TRUE
196,12/2/22 13:15,12/2/22 13:15,196,2,FALSE
197,12/2/22 13:15,12/2/22 13:15,197,2,TRUE
198,12/2/22 13:15,12/2/22 13:15,198,2,TRUE
199,12/2/22 13:15,12/2/22 13:15,199,2,TRUE
200,12/2/22 13:15,12/2/22 13:15,200,2,TRUE
201,12/2/22 13:15,12/2/22 13:15,201,2,TRUE
202,12/2/22 13:15,12/2/22 13:15,202,2,FALSE
203,12/2/22 13:15,12/2/22 13:15,203,2,TRUE
204,12/2/22 13:15,12/2/22 13:15,204,2,TRUE
205,12/2/22 13:15,12/2/22 13:15,205,2,TRUE
206,12/2/22 13:15,12/2/22 13:15,206,2,TRUE
207,12/2/22 13:15,12/2/22 13:15,207,2,FALSE
208,12/2/22 13:15,12/2/22 13:15,208,2,TRUE
209,12/2/22 13:15,12/2/22 13:15,209,2,FALSE
210,12/2/22 13:15,12/2/22 13:15,210,2,FALSE
211,12/2/22 13:15,12/2/22 13:15,211,2,TRUE
212,12/2/22 13:15,12/2/22 13:15,212,2,TRUE
213,12/2/22 13:15,12/2/22 13:15,213,2,TRUE
214,12/2/22 13:15,12/2/22 13:15,214,2,FALSE
215,12/2/22 13:15,12/2/22 13:15,215,2,TRUE
216,12/2/22 13:15,12/2/22 13:15,216,2,TRUE
217,12/2/22 13:15,12/2/22 13:15,217,2,TRUE
218,12/2/22 13:15,12/2/22 13:15,218,2,FALSE
219,12/2/22 13:15,12/2/22 13:15,219,2,TRUE
220,12/2/22 13:15,12/2/22 13:15,220,2,TRUE
221,12/2/22 13:15,12/2/22 13:15,221,2,TRUE
222,12/2/22 13:15,12/2/22 13:15,222,2,TRUE
223,12/2/22 13:15,12/2/22 13:15,223,2,TRUE
224,12/2/22 13:15,12/2/22 13:15,224,2,FALSE
225,12/2/22 13:15,12/2/22 13:15,225,2,TRUE
226,12/2/22 13:15,12/2/22 13:15,226,2,FALSE
227,12/2/22 13:15,12/2/22 13:15,227,2,TRUE
228,12/2/22 13:15,12/2/22 13:15,228,2,TRUE
229,12/2/22 13:15,12/2/22 13:15,229,2,TRUE
230,12/2/22 13:15,12/2/22 13:15,230,2,TRUE
231,12/2/22 13:15,12/2/22 13:15,231,2,TRUE
232,12/2/22 13:15,12/2/22 13:15,232,2,FALSE
233,12/2/22 13:15,12/2/22 13:15,233,2,FALSE
234,12/2/22 13:15,12/2/22 13:15,234,2,TRUE
235,12/2/22 13:15,12/2/22 13:15,235,2,FALSE
236,12/2/22 13:15,12/2/22 13:15,236,2,TRUE
237,12/2/22 13:15,12/2/22 13:15,237,2,TRUE
238,12/2/22 13:15,12/2/22 13:15,238,2,TRUE
239,12/2/22 13:15,12/2/22 13:15,239,2,TRUE
240,12/2/22 13:15,12/2/22 13:15,240,2,TRUE
241,12/2/22 13:15,12/2/22 13:15,241,2,TRUE
242,12/2/22 13:15,12/2/22 13:15,242,2,TRUE
243,12/2/22 13:15,12/2/22 13:15,243,2,TRUE
244,12/2/22 13:15,12/2/22 13:15,244,2,FALSE
245,12/2/22 13:15,12/2/22 13:15,245,2,FALSE
246,12/2/22 13:15,12/2/22 13:15,246,2,TRUE
247,12/2/22 13:15,12/2/22 13:15,247,2,TRUE
248,12/2/22 13:15,12/2/22 13:15,248,2,TRUE
249,12/2/22 13:15,12/2/22 13:15,249,2,TRUE
250,12/2/22 13:15,12/2/22 13:15,250,2,TRUE
251,12/2/22 13:15,12/2/22 13:15,251,2,FALSE
252,12/2/22 13:15,12/2/22 13:15,252,2,TRUE
253,12/2/22 13:15,12/2/22 13:15,253,2,TRUE
254,12/2/22 13:15,12/2/22 13:15,254,2,TRUE
255,12/2/22 13:15,12/2/22 13:15,255,2,TRUE
256,12/2/22 13:15,12/2/22 13:15,256,2,TRUE
257,12/2/22 13:15,12/2/22 13:15,257,2,FALSE
258,12/2/22 13:15,12/2/22 13:15,258,2,FALSE
259,12/2/22 13:15,12/2/22 13:15,259,2,TRUE
260,12/2/22 13:15,12/2/22 13:15,260,2,FALSE
261,12/2/22 13:15,12/2/22 13:15,261,2,FALSE
262,12/2/22 13:15,12/2/22 13:15,262,2,TRUE
263,12/2/22 13:15,12/2/22 13:15,263,2,TRUE
264,12/2/22 13:15,12/2/22 13:15,264,2,TRUE
265,12/2/22 13:15,12/2/22 13:15,265,2,TRUE
266,12/2/22 13:15,12/2/22 13:15,266,2,TRUE
267,12/2/22 13:15,12/2/22 13:15,267,2,FALSE
268,12/2/22 13:15,12/2/22 13:15,268,2,TRUE
269,12/2/22 13:15,12/2/22 13:15,269,2,TRUE
270,12/2/22 13:15,12/2/22 13:15,270,2,TRUE
271,12/2/22 13:15,12/2/22 13:15,271,2,TRUE
272,12/2/22 13:15,12/2/22 13:15,272,2,TRUE
273,12/2/22 13:15,12/2/22 13:15,273,2,FALSE
274,12/2/22 13:15,12/2/22 13:15,274,2,TRUE
275,12/2/22 13:15,12/2/22 13:15,275,2,FALSE
276,12/2/22 13:15,12/2/22 13:15,276,2,TRUE
277,12/2/22 13:15,12/2/22 13:15,277,2,FALSE
278,12/2/22 13:15,12/2/22 13:15,278,2,TRUE
279,12/2/22 13:15,12/2/22 13:15,279,2,FALSE
280,12/2/22 13:15,12/2/22 13:15,280,2,TRUE
281,12/2/22 13:15,12/2/22 13:15,281,2,FALSE
282,12/2/22 13:15,12/2/22 13:15,282,2,FALSE
283,12/2/22 13:15,12/2/22 13:15,283,2,TRUE
284,12/2/22 13:15,12/2/22 13:15,284,2,TRUE
285,12/2/22 13:15,12/2/22 13:15,285,2,TRUE
286,12/2/22 13:15,12/2/22 13:15,286,2,TRUE
287,12/2/22 13:15,12/2/22 13:15,287,2,TRUE
288,12/2/22 13:15,12/2/22 13:15,288,2,FALSE
289,12/2/22 13:15,12/2/22 13:15,289,2,FALSE
290,12/2/22 13:15,12/2/22 13:15,290,2,TRUE
291,12/2/22 13:15,12/2/22 13:15,291,2,TRUE
292,12/2/22 13:15,12/2/22 13:15,292,2,TRUE
293,12/2/22 13:15,12/2/22 13:15,293,2,TRUE
294,12/2/22 13:15,12/2/22 13:15,294,2,TRUE
295,12/2/22 13:15,12/2/22 13:15,295,2,FALSE
296,12/2/22 13:15,12/2/22 13:15,296,2,TRUE
297,12/2/22 13:15,12/2/22 13:15,297,2,TRUE
298,12/2/22 13:15,12/2/22 13:15,298,2,TRUE
299,12/2/22 13:15,12/2/22 13:15,299,2,TRUE
300,12/2/22 13:15,12/2/22 13:15,300,2,TRUE
301,12/2/22 13:15,12/2/22 13:15,301,2,FALSE
302,12/2/22 13:15,12/2/22 13:15,302,2,TRUE
303,12/2/22 13:15,12/2/22 13:15,303,2,FALSE
304,12/2/22 13:15,12/2/22 13:15,304,2,FALSE
305,12/2/22 13:15,12/2/22 13:15,305,2,TRUE
306,12/2/22 13:15,12/2/22 13:15,306,2,FALSE
307,12/2/22 13:15,12/2/22 13:15,307,2,TRUE
308,12/2/22 13:15,12/2/22 13:15,308,2,TRUE
309,12/2/22 13:15,12/2/22 13:15,309,2,TRUE
310,12/2/22 13:15,12/2/22 13:15,310,2,TRUE
311,12/2/22 13:15,12/2/22 13:15,311,2,TRUE
312,12/2/22 13:15,12/2/22 13:15,312,2,FALSE
313,12/2/22 13:15,12/2/22 13:15,313,2,TRUE
314,12/2/22 13:15,12/2/22 13:15,314,2,TRUE
315,12/2/22 13:15,12/2/22 13:15,315,2,FALSE
316,12/2/22 13:15,12/2/22 13:15,316,2,TRUE
317,12/2/22 13:15,12/2/22 13:15,317,2,TRUE
318,12/2/22 13:15,12/2/22 13:15,318,2,TRUE
319,12/2/22 13:15,12/2/22 13:15,319,2,TRUE
320,12/2/22 13:15,12/2/22 13:15,320,2,TRUE
321,12/2/22 13:15,12/2/22 13:15,321,2,TRUE
322,12/2/22 13:15,12/2/22 13:15,322,2,TRUE
323,12/2/22 13:15,12/2/22 13:15,323,2,TRUE
324,12/2/22 13:15,12/2/22 13:15,324,2,TRUE
325,12/2/22 13:15,12/2/22 13:15,325,2,TRUE
326,12/2/22 13:15,12/2/22 13:15,326,2,FALSE
327,12/2/22 13:15,12/2/22 13:15,327,2,FALSE
328,12/2/22 13:15,12/2/22 13:15,328,2,TRUE
329,12/2/22 13:15,12/2/22 13:15,329,2,FALSE
330,12/2/22 13:15,12/2/22 13:15,330,2,TRUE
331,12/2/22 13:15,12/2/22 13:15,331,2,TRUE
332,12/2/22 13:15,12/2/22 13:15,332,2,FALSE
333,12/2/22 13:15,12/2/22 13:15,333,2,TRUE
334,12/2/22 13:15,12/2/22 13:15,334,2,FALSE
335,12/2/22 13:15,12/2/22 13:15,335,2,TRUE
336,12/2/22 13:15,12/2/22 13:15,336,2,TRUE
337,12/2/22 13:15,12/2/22 13:15,337,2,TRUE
338,12/2/22 13:15,12/2/22 13:15,338,2,FALSE
339,12/2/22 13:15,12/2/22 13:15,339,2,FALSE
340,12/2/22 13:15,12/2/22 13:15,340,2,TRUE
341,12/2/22 13:15,12/2/22 13:15,341,2,TRUE
342,12/2/22 13:15,12/2/22 13:15,342,2,TRUE
343,12/2/22 13:15,12/2/22 13:15,343,2,TRUE
344,12/2/22 13:15,12/2/22 13:15,344,2,TRUE
345,12/2/22 13:15,12/2/22 13:15,345,2,TRUE
346,12/2/22 13:15,12/2/22 13:15,346,2,TRUE
347,12/2/22 13:15,12/2/22 13:15,347,3,TRUE
348,12/2/22 13:15,12/2/22 13:15,348,3,FALSE
349,12/2/22 13:15,12/2/22 13:15,349,3,TRUE
350,12/2/22 13:15,12/2/22 13:15,350,3,TRUE
351,12/2/22 13:15,12/2/22 13:15,351,3,TRUE
352,12/2/22 13:15,12/2/22 13:15,352,3,TRUE
353,12/2/22 13:15,12/2/22 13:15,353,3,TRUE
354,12/2/22 13:15,12/2/22 13:15,354,3,TRUE
355,12/2/22 13:15,12/2/22 13:15,355,3,TRUE
356,12/2/22 13:15,12/2/22 13:15,356,3,TRUE
357,12/2/22 13:15,12/2/22 13:15,357,3,TRUE
358,12/2/22 13:15,12/2/22 13:15,358,3,TRUE
359,12/2/22 13:15,12/2/22 13:15,359,3,TRUE
360,12/2/22 13:15,12/2/22 13:15,360,3,TRUE
361,12/2/22 13:15,12/2/22 13:15,361,3,FALSE
362,12/2/22 13:15,12/2/22 13:15,362,3,TRUE
363,12/2/22 13:15,12/2/22 13:15,363,3,FALSE
364,12/2/22 13:15,12/2/22 13:15,364,3,TRUE
365,12/2/22 13:15,12/2/22 13:15,365,3,TRUE
366,12/2/22 13:15,12/2/22 13:15,366,3,TRUE
367,12/2/22 13:15,12/2/22 13:15,367,3,TRUE
368,12/2/22 13:15,12/2/22 13:15,368,3,TRUE
369,12/2/22 13:15,12/2/22 13:15,369,3,FALSE
370,12/2/22 13:15,12/2/22 13:15,370,3,FALSE
371,12/2/22 13:15,12/2/22 13:15,371,3,TRUE
372,12/2/22 13:15,12/2/22 13:15,372,3,TRUE
373,12/2/22 13:15,12/2/22 13:15,373,3,TRUE
374,12/2/22 13:15,12/2/22 13:15,374,3,TRUE
375,12/2/22 13:15,12/2/22 13:15,375,3,TRUE
376,12/2/22 13:15,12/2/22 13:15,376,3,TRUE
377,12/2/22 13:15,12/2/22 13:15,377,3,TRUE
378,12/2/22 13:15,12/2/22 13:15,378,3,TRUE
379,12/2/22 13:15,12/2/22 13:15,379,3,TRUE
380,12/2/22 13:15,12/2/22 13:15,380,3,TRUE
381,12/2/22 13:15,12/2/22 13:15,381,3,TRUE
382,12/2/22 13:15,12/2/22 13:15,382,3,TRUE
383,12/2/22 13:15,12/2/22 13:15,383,3,TRUE
384,12/2/22 13:15,12/2/22 13:15,384,3,TRUE
385,12/2/22 13:15,12/2/22 13:15,385,3,TRUE
386,12/2/22 13:15,12/2/22 13:15,386,3,TRUE
387,12/2/22 13:15,12/2/22 13:15,387,3,FALSE
388,12/2/22 13:15,12/2/22 13:15,388,3,FALSE
389,12/2/22 13:15,12/2/22 13:15,389,3,TRUE
390,12/2/22 13:15,12/2/22 13:15,390,3,FALSE
391,12/2/22 13:15,12/2/22 13:15,391,3,FALSE
392,12/2/22 13:15,12/2/22 13:15,392,3,TRUE
393,12/2/22 13:15,12/2/22 13:15,393,3,TRUE
394,12/2/22 13:15,12/2/22 13:15,394,3,TRUE
395,12/2/22 13:15,12/2/22 13:15,395,3,TRUE
396,12/2/22 13:15,12/2/22 13:15,396,3,TRUE
397,12/2/22 13:15,12/2/22 13:15,397,3,TRUE
398,12/2/22 13:15,12/2/22 13:15,398,3,TRUE
399,12/2/22 13:15,12/2/22 13:15,399,3,FALSE
400,12/2/22 13:15,12/2/22 13:15,400,3,TRUE
401,12/2/22 13:15,12/2/22 13:15,401,3,TRUE
402,12/2/22 13:15,12/2/22 13:15,402,3,TRUE
403,12/2/22 13:15,12/2/22 13:15,403,3,TRUE
404,12/2/22 13:15,12/2/22 13:15,404,3,TRUE
405,12/2/22 13:15,12/2/22 13:15,405,3,FALSE
406,12/2/22 13:15,12/2/22 13:15,406,3,FALSE
407,12/2/22 13:15,12/2/22 13:15,407,3,TRUE
408,12/2/22 13:15,12/2/22 13:15,408,3,TRUE
409,12/2/22 13:15,12/2/22 13:15,409,3,TRUE
410,12/2/22 13:15,12/2/22 13:15,410,3,TRUE
411,12/2/22 13:15,12/2/22 13:15,411,3,TRUE
412,12/2/22 13:15,12/2/22 13:15,412,3,TRUE
413,12/2/22 13:15,12/2/22 13:15,413,3,FALSE
414,12/2/22 13:15,12/2/22 13:15,414,3,TRUE
415,12/2/22 13:15,12/2/22 13:15,415,3,TRUE
416,12/2/22 13:15,12/2/22 13:15,416,3,TRUE
417,12/2/22 13:15,12/2/22 13:15,417,3,TRUE
418,12/2/22 13:15,12/2/22 13:15,418,3,TRUE
419,12/2/22 13:15,12/2/22 13:15,419,3,TRUE
420,12/2/22 13:15,12/2/22 13:15,420,3,FALSE
421,12/2/22 13:15,12/2/22 13:15,421,3,TRUE
422,12/2/22 13:15,12/2/22 13:15,422,3,TRUE
423,12/2/22 13:15,12/2/22 13:15,423,3,TRUE
424,12/2/22 13:15,12/2/22 13:15,424,3,FALSE
425,12/2/22 13:15,12/2/22 13:15,425,3,TRUE
426,12/2/22 13:15,12/2/22 13:15,426,3,TRUE
427,12/2/22 13:15,12/2/22 13:15,427,3,TRUE
428,12/2/22 13:15,12/2/22 13:15,428,3,TRUE
429,12/2/22 13:15,12/2/22 13:15,429,3,FALSE
430,12/2/22 13:15,12/2/22 13:15,430,3,TRUE
431,12/2/22 13:15,12/2/22 13:15,431,3,TRUE
432,12/2/22 13:15,12/2/22 13:15,432,3,TRUE
433,12/2/22 13:15,12/2/22 13:15,433,3,TRUE
434,12/2/22 13:15,12/2/22 13:15,434,3,FALSE
435,12/2/22 13:15,12/2/22 13:15,435,3,TRUE
436,12/2/22 13:15,12/2/22 13:15,436,3,TRUE
437,12/2/22 13:15,12/2/22 13:15,437,3,TRUE
438,12/2/22 13:15,12/2/22 13:15,438,3,TRUE
439,12/2/22 13:15,12/2/22 13:15,439,3,TRUE
440,12/2/22 13:15,12/2/22 13:15,440,3,TRUE
441,12/2/22 13:15,12/2/22 13:15,441,3,TRUE
442,12/2/22 13:15,12/2/22 13:15,442,3,TRUE
443,12/2/22 13:15,12/2/22 13:15,443,3,TRUE
444,12/2/22 13:15,12/2/22 13:15,444,3,TRUE
445,12/2/22 13:15,12/2/22 13:15,445,3,TRUE
446,12/2/22 13:15,12/2/22 13:15,446,3,TRUE
447,12/2/22 13:15,12/2/22 13:15,447,3,TRUE
448,12/2/22 13:15,12/2/22 13:15,448,3,FALSE
449,12/2/22 13:15,12/2/22 13:15,449,3,TRUE
450,12/2/22 13:15,12/2/22 13:15,450,3,TRUE
451,12/2/22 13:15,12/2/22 13:15,451,3,TRUE
452,12/2/22 13:15,12/2/22 13:15,452,3,TRUE
453,12/2/22 13:15,12/2/22 13:15,453,3,FALSE
454,12/2/22 13:15,12/2/22 13:15,454,3,TRUE
455,12/2/22 13:15,12/2/22 13:15,455,3,TRUE
456,12/2/22 13:15,12/2/22 13:15,456,3,TRUE
457,12/2/22 13:15,12/2/22 13:15,457,3,TRUE
458,12/2/22 13:15,12/2/22 13:15,458,3,TRUE
459,12/2/22 13:15,12/2/22 13:15,459,3,TRUE
460,12/2/22 13:15,12/2/22 13:15,460,3,TRUE
461,12/2/22 13:15,12/2/22 13:15,461,3,TRUE
462,12/2/22 13:15,12/2/22 13:15,462,3,TRUE
463,12/2/22 13:15,12/2/22 13:15,463,3,TRUE
464,12/2/22 13:15,12/2/22 13:15,464,3,FALSE
465,12/2/22 13:15,12/2/22 13:15,465,3,TRUE
466,12/2/22 13:15,12/2/22 13:15,466,3,TRUE
467,12/2/22 13:15,12/2/22 13:15,467,3,TRUE
468,12/2/22 13:15,12/2/22 13:15,468,3,FALSE
469,12/2/22 13:15,12/2/22 13:15,469,3,TRUE
470,12/2/22 13:15,12/2/22 13:15,470,3,FALSE
471,12/2/22 13:15,12/2/22 13:15,471,3,TRUE
472,12/2/22 13:15,12/2/22 13:15,472,3,TRUE
473,12/2/22 13:15,12/2/22 13:15,473,3,TRUE
474,12/2/22 13:15,12/2/22 13:15,474,3,TRUE
475,12/2/22 13:15,12/2/22 13:15,475,3,FALSE
476,12/2/22 13:15,12/2/22 13:15,476,3,TRUE
477,12/2/22 13:15,12/2/22 13:15,477,3,TRUE
478,12/2/22 13:15,12/2/22 13:15,478,3,TRUE
479,12/2/22 13:15,12/2/22 13:15,479,3,FALSE
480,12/2/22 13:15,12/2/22 13:15,480,3,TRUE
481,12/2/22 13:15,12/2/22 13:15,481,3,TRUE
482,12/2/22 13:15,12/2/22 13:15,482,3,TRUE
483,12/2/22 13:15,12/2/22 13:15,483,3,TRUE
484,12/2/22 13:15,12/2/22 13:15,484,3,TRUE
485,12/2/22 13:15,12/2/22 13:15,485,3,TRUE
486,12/2/22 13:15,12/2/22 13:15,486,3,TRUE
487,12/2/22 13:15,12/2/22 13:15,487,3,TRUE
488,12/2/22 13:15,12/2/22 13:15,488,3,TRUE
489,12/2/22 13:15,12/2/22 13:15,489,3,TRUE
490,12/2/22 13:15,12/2/22 13:15,490,3,TRUE
491,12/2/22 13:15,12/2/22 13:15,491,3,TRUE
492,12/2/22 13:15,12/2/22 13:15,492,3,TRUE
493,12/2/22 13:15,12/2/22 13:15,493,3,TRUE
494,12/2/22 13:15,12/2/22 13:15,494,3,FALSE
495,12/2/22 13:15,12/2/22 13:15,495,3,FALSE
496,12/2/22 13:15,12/2/22 13:15,496,3,TRUE
497,12/2/22 13:15,12/2/22 13:15,497,3,TRUE
498,12/2/22 13:15,12/2/22 13:15,498,3,TRUE
499,12/2/22 13:15,12/2/22 13:15,499,3,TRUE
500,12/2/22 13:15,12/2/22 13:15,500,3,TRUE
501,12/2/22 13:15,12/2/22 13:15,501,3,TRUE
502,12/2/22 13:15,12/2/22 13:15,502,3,FALSE
503,12/2/22 13:15,12/2/22 13:15,503,3,TRUE
504,12/2/22 13:15,12/2/22 13:15,504,3,FALSE
505,12/2/22 13:15,12/2/22 13:15,505,3,TRUE
506,12/2/22 13:15,12/2/22 13:15,506,3,TRUE
507,12/2/22 13:15,12/2/22 13:15,507,3,FALSE
508,12/2/22 13:15,12/2/22 13:15,508,3,FALSE
509,12/2/22 13:15,12/2/22 13:15,509,3,TRUE
510,12/2/22 13:15,12/2/22 13:15,510,3,TRUE
511,12/2/22 13:15,12/2/22 13:15,511,3,TRUE
512,12/2/22 13:15,12/2/22 13:15,512,3,TRUE
513,12/2/22 13:15,12/2/22 13:15,513,3,TRUE
514,12/2/22 13:15,12/2/22 13:15,514,3,TRUE
515,12/2/22 13:15,12/2/22 13:15,515,3,TRUE
516,12/2/22 13:15,12/2/22 13:15,516,3,TRUE
517,12/2/22 13:15,12/2/22 13:15,517,3,FALSE
518,12/2/22 13:15,12/2/22 13:15,518,3,TRUE
519,12/2/22 13:15,12/2/22 13:15,519,3,TRUE
